	mH1	mH2	mH3	thetahS	thetahX	thetaSX	vs	vx
0	125.09	126.0	640.0	-0.129	0.226	-0.899	140.0	100.0
1	125.09	126.37437437437437	640.0	-0.129	0.226	-0.899	140.0	100.0
2	125.09	126.74874874874875	640.0	-0.129	0.226	-0.899	140.0	100.0
3	125.09	127.12312312312312	640.0	-0.129	0.226	-0.899	140.0	100.0
4	125.09	127.49749749749749	640.0	-0.129	0.226	-0.899	140.0	100.0
5	125.09	127.87187187187187	640.0	-0.129	0.226	-0.899	140.0	100.0
6	125.09	128.24624624624624	640.0	-0.129	0.226	-0.899	140.0	100.0
7	125.09	128.62062062062063	640.0	-0.129	0.226	-0.899	140.0	100.0
8	125.09	128.99499499499498	640.0	-0.129	0.226	-0.899	140.0	100.0
9	125.09	129.36936936936937	640.0	-0.129	0.226	-0.899	140.0	100.0
10	125.09	129.74374374374375	640.0	-0.129	0.226	-0.899	140.0	100.0
11	125.09	130.1181181181181	640.0	-0.129	0.226	-0.899	140.0	100.0
12	125.09	130.4924924924925	640.0	-0.129	0.226	-0.899	140.0	100.0
13	125.09	130.86686686686687	640.0	-0.129	0.226	-0.899	140.0	100.0
14	125.09	131.24124124124126	640.0	-0.129	0.226	-0.899	140.0	100.0
15	125.09	131.6156156156156	640.0	-0.129	0.226	-0.899	140.0	100.0
16	125.09	131.98998998999	640.0	-0.129	0.226	-0.899	140.0	100.0
17	125.09	132.36436436436438	640.0	-0.129	0.226	-0.899	140.0	100.0
18	125.09	132.73873873873873	640.0	-0.129	0.226	-0.899	140.0	100.0
19	125.09	133.11311311311312	640.0	-0.129	0.226	-0.899	140.0	100.0
20	125.09	133.4874874874875	640.0	-0.129	0.226	-0.899	140.0	100.0
21	125.09	133.86186186186185	640.0	-0.129	0.226	-0.899	140.0	100.0
22	125.09	134.23623623623624	640.0	-0.129	0.226	-0.899	140.0	100.0
23	125.09	134.61061061061062	640.0	-0.129	0.226	-0.899	140.0	100.0
24	125.09	134.98498498498498	640.0	-0.129	0.226	-0.899	140.0	100.0
25	125.09	135.35935935935936	640.0	-0.129	0.226	-0.899	140.0	100.0
26	125.09	135.73373373373374	640.0	-0.129	0.226	-0.899	140.0	100.0
27	125.09	136.1081081081081	640.0	-0.129	0.226	-0.899	140.0	100.0
28	125.09	136.48248248248248	640.0	-0.129	0.226	-0.899	140.0	100.0
29	125.09	136.85685685685687	640.0	-0.129	0.226	-0.899	140.0	100.0
30	125.09	137.23123123123122	640.0	-0.129	0.226	-0.899	140.0	100.0
31	125.09	137.6056056056056	640.0	-0.129	0.226	-0.899	140.0	100.0
32	125.09	137.97997997998	640.0	-0.129	0.226	-0.899	140.0	100.0
33	125.09	138.35435435435434	640.0	-0.129	0.226	-0.899	140.0	100.0
34	125.09	138.72872872872873	640.0	-0.129	0.226	-0.899	140.0	100.0
35	125.09	139.1031031031031	640.0	-0.129	0.226	-0.899	140.0	100.0
36	125.09	139.47747747747746	640.0	-0.129	0.226	-0.899	140.0	100.0
37	125.09	139.85185185185185	640.0	-0.129	0.226	-0.899	140.0	100.0
38	125.09	140.22622622622623	640.0	-0.129	0.226	-0.899	140.0	100.0
39	125.09	140.60060060060061	640.0	-0.129	0.226	-0.899	140.0	100.0
40	125.09	140.97497497497497	640.0	-0.129	0.226	-0.899	140.0	100.0
41	125.09	141.34934934934935	640.0	-0.129	0.226	-0.899	140.0	100.0
42	125.09	141.72372372372374	640.0	-0.129	0.226	-0.899	140.0	100.0
43	125.09	142.0980980980981	640.0	-0.129	0.226	-0.899	140.0	100.0
44	125.09	142.47247247247248	640.0	-0.129	0.226	-0.899	140.0	100.0
45	125.09	142.84684684684686	640.0	-0.129	0.226	-0.899	140.0	100.0
46	125.09	143.2212212212212	640.0	-0.129	0.226	-0.899	140.0	100.0
47	125.09	143.5955955955956	640.0	-0.129	0.226	-0.899	140.0	100.0
48	125.09	143.96996996996998	640.0	-0.129	0.226	-0.899	140.0	100.0
49	125.09	144.34434434434434	640.0	-0.129	0.226	-0.899	140.0	100.0
50	125.09	144.71871871871872	640.0	-0.129	0.226	-0.899	140.0	100.0
51	125.09	145.0930930930931	640.0	-0.129	0.226	-0.899	140.0	100.0
52	125.09	145.46746746746746	640.0	-0.129	0.226	-0.899	140.0	100.0
53	125.09	145.84184184184184	640.0	-0.129	0.226	-0.899	140.0	100.0
54	125.09	146.21621621621622	640.0	-0.129	0.226	-0.899	140.0	100.0
55	125.09	146.59059059059058	640.0	-0.129	0.226	-0.899	140.0	100.0
56	125.09	146.96496496496496	640.0	-0.129	0.226	-0.899	140.0	100.0
57	125.09	147.33933933933935	640.0	-0.129	0.226	-0.899	140.0	100.0
58	125.09	147.7137137137137	640.0	-0.129	0.226	-0.899	140.0	100.0
59	125.09	148.08808808808809	640.0	-0.129	0.226	-0.899	140.0	100.0
60	125.09	148.46246246246247	640.0	-0.129	0.226	-0.899	140.0	100.0
61	125.09	148.83683683683682	640.0	-0.129	0.226	-0.899	140.0	100.0
62	125.09	149.2112112112112	640.0	-0.129	0.226	-0.899	140.0	100.0
63	125.09	149.5855855855856	640.0	-0.129	0.226	-0.899	140.0	100.0
64	125.09	149.95995995995997	640.0	-0.129	0.226	-0.899	140.0	100.0
65	125.09	150.33433433433433	640.0	-0.129	0.226	-0.899	140.0	100.0
66	125.09	150.7087087087087	640.0	-0.129	0.226	-0.899	140.0	100.0
67	125.09	151.08308308308307	640.0	-0.129	0.226	-0.899	140.0	100.0
68	125.09	151.45745745745745	640.0	-0.129	0.226	-0.899	140.0	100.0
69	125.09	151.83183183183183	640.0	-0.129	0.226	-0.899	140.0	100.0
70	125.09	152.20620620620622	640.0	-0.129	0.226	-0.899	140.0	100.0
71	125.09	152.58058058058057	640.0	-0.129	0.226	-0.899	140.0	100.0
72	125.09	152.95495495495496	640.0	-0.129	0.226	-0.899	140.0	100.0
73	125.09	153.32932932932934	640.0	-0.129	0.226	-0.899	140.0	100.0
74	125.09	153.7037037037037	640.0	-0.129	0.226	-0.899	140.0	100.0
75	125.09	154.07807807807808	640.0	-0.129	0.226	-0.899	140.0	100.0
76	125.09	154.45245245245246	640.0	-0.129	0.226	-0.899	140.0	100.0
77	125.09	154.82682682682682	640.0	-0.129	0.226	-0.899	140.0	100.0
78	125.09	155.2012012012012	640.0	-0.129	0.226	-0.899	140.0	100.0
79	125.09	155.57557557557558	640.0	-0.129	0.226	-0.899	140.0	100.0
80	125.09	155.94994994994994	640.0	-0.129	0.226	-0.899	140.0	100.0
81	125.09	156.32432432432432	640.0	-0.129	0.226	-0.899	140.0	100.0
82	125.09	156.6986986986987	640.0	-0.129	0.226	-0.899	140.0	100.0
83	125.09	157.07307307307306	640.0	-0.129	0.226	-0.899	140.0	100.0
84	125.09	157.44744744744744	640.0	-0.129	0.226	-0.899	140.0	100.0
85	125.09	157.82182182182183	640.0	-0.129	0.226	-0.899	140.0	100.0
86	125.09	158.19619619619618	640.0	-0.129	0.226	-0.899	140.0	100.0
87	125.09	158.57057057057057	640.0	-0.129	0.226	-0.899	140.0	100.0
88	125.09	158.94494494494495	640.0	-0.129	0.226	-0.899	140.0	100.0
89	125.09	159.31931931931933	640.0	-0.129	0.226	-0.899	140.0	100.0
90	125.09	159.6936936936937	640.0	-0.129	0.226	-0.899	140.0	100.0
91	125.09	160.06806806806807	640.0	-0.129	0.226	-0.899	140.0	100.0
92	125.09	160.44244244244243	640.0	-0.129	0.226	-0.899	140.0	100.0
93	125.09	160.8168168168168	640.0	-0.129	0.226	-0.899	140.0	100.0
94	125.09	161.1911911911912	640.0	-0.129	0.226	-0.899	140.0	100.0
95	125.09	161.56556556556558	640.0	-0.129	0.226	-0.899	140.0	100.0
96	125.09	161.93993993993993	640.0	-0.129	0.226	-0.899	140.0	100.0
97	125.09	162.31431431431432	640.0	-0.129	0.226	-0.899	140.0	100.0
98	125.09	162.68868868868867	640.0	-0.129	0.226	-0.899	140.0	100.0
99	125.09	163.06306306306305	640.0	-0.129	0.226	-0.899	140.0	100.0
100	125.09	163.43743743743744	640.0	-0.129	0.226	-0.899	140.0	100.0
101	125.09	163.81181181181182	640.0	-0.129	0.226	-0.899	140.0	100.0
102	125.09	164.18618618618618	640.0	-0.129	0.226	-0.899	140.0	100.0
103	125.09	164.56056056056056	640.0	-0.129	0.226	-0.899	140.0	100.0
104	125.09	164.93493493493494	640.0	-0.129	0.226	-0.899	140.0	100.0
105	125.09	165.3093093093093	640.0	-0.129	0.226	-0.899	140.0	100.0
106	125.09	165.68368368368368	640.0	-0.129	0.226	-0.899	140.0	100.0
107	125.09	166.05805805805807	640.0	-0.129	0.226	-0.899	140.0	100.0
108	125.09	166.43243243243245	640.0	-0.129	0.226	-0.899	140.0	100.0
109	125.09	166.8068068068068	640.0	-0.129	0.226	-0.899	140.0	100.0
110	125.09	167.1811811811812	640.0	-0.129	0.226	-0.899	140.0	100.0
111	125.09	167.55555555555554	640.0	-0.129	0.226	-0.899	140.0	100.0
112	125.09	167.92992992992993	640.0	-0.129	0.226	-0.899	140.0	100.0
113	125.09	168.3043043043043	640.0	-0.129	0.226	-0.899	140.0	100.0
114	125.09	168.6786786786787	640.0	-0.129	0.226	-0.899	140.0	100.0
115	125.09	169.05305305305305	640.0	-0.129	0.226	-0.899	140.0	100.0
116	125.09	169.42742742742743	640.0	-0.129	0.226	-0.899	140.0	100.0
117	125.09	169.8018018018018	640.0	-0.129	0.226	-0.899	140.0	100.0
118	125.09	170.17617617617617	640.0	-0.129	0.226	-0.899	140.0	100.0
119	125.09	170.55055055055055	640.0	-0.129	0.226	-0.899	140.0	100.0
120	125.09	170.92492492492494	640.0	-0.129	0.226	-0.899	140.0	100.0
121	125.09	171.2992992992993	640.0	-0.129	0.226	-0.899	140.0	100.0
122	125.09	171.67367367367368	640.0	-0.129	0.226	-0.899	140.0	100.0
123	125.09	172.04804804804803	640.0	-0.129	0.226	-0.899	140.0	100.0
124	125.09	172.42242242242241	640.0	-0.129	0.226	-0.899	140.0	100.0
125	125.09	172.7967967967968	640.0	-0.129	0.226	-0.899	140.0	100.0
126	125.09	173.17117117117118	640.0	-0.129	0.226	-0.899	140.0	100.0
127	125.09	173.54554554554554	640.0	-0.129	0.226	-0.899	140.0	100.0
128	125.09	173.91991991991992	640.0	-0.129	0.226	-0.899	140.0	100.0
129	125.09	174.2942942942943	640.0	-0.129	0.226	-0.899	140.0	100.0
130	125.09	174.66866866866866	640.0	-0.129	0.226	-0.899	140.0	100.0
131	125.09	175.04304304304304	640.0	-0.129	0.226	-0.899	140.0	100.0
132	125.09	175.41741741741743	640.0	-0.129	0.226	-0.899	140.0	100.0
133	125.09	175.7917917917918	640.0	-0.129	0.226	-0.899	140.0	100.0
134	125.09	176.16616616616616	640.0	-0.129	0.226	-0.899	140.0	100.0
135	125.09	176.54054054054055	640.0	-0.129	0.226	-0.899	140.0	100.0
136	125.09	176.9149149149149	640.0	-0.129	0.226	-0.899	140.0	100.0
137	125.09	177.2892892892893	640.0	-0.129	0.226	-0.899	140.0	100.0
138	125.09	177.66366366366367	640.0	-0.129	0.226	-0.899	140.0	100.0
139	125.09	178.03803803803805	640.0	-0.129	0.226	-0.899	140.0	100.0
140	125.09	178.4124124124124	640.0	-0.129	0.226	-0.899	140.0	100.0
141	125.09	178.7867867867868	640.0	-0.129	0.226	-0.899	140.0	100.0
142	125.09	179.16116116116115	640.0	-0.129	0.226	-0.899	140.0	100.0
143	125.09	179.53553553553553	640.0	-0.129	0.226	-0.899	140.0	100.0
144	125.09	179.9099099099099	640.0	-0.129	0.226	-0.899	140.0	100.0
145	125.09	180.2842842842843	640.0	-0.129	0.226	-0.899	140.0	100.0
146	125.09	180.65865865865865	640.0	-0.129	0.226	-0.899	140.0	100.0
147	125.09	181.03303303303304	640.0	-0.129	0.226	-0.899	140.0	100.0
148	125.09	181.4074074074074	640.0	-0.129	0.226	-0.899	140.0	100.0
149	125.09	181.78178178178177	640.0	-0.129	0.226	-0.899	140.0	100.0
150	125.09	182.15615615615616	640.0	-0.129	0.226	-0.899	140.0	100.0
151	125.09	182.53053053053054	640.0	-0.129	0.226	-0.899	140.0	100.0
152	125.09	182.9049049049049	640.0	-0.129	0.226	-0.899	140.0	100.0
153	125.09	183.27927927927928	640.0	-0.129	0.226	-0.899	140.0	100.0
154	125.09	183.65365365365366	640.0	-0.129	0.226	-0.899	140.0	100.0
155	125.09	184.02802802802802	640.0	-0.129	0.226	-0.899	140.0	100.0
156	125.09	184.4024024024024	640.0	-0.129	0.226	-0.899	140.0	100.0
157	125.09	184.77677677677679	640.0	-0.129	0.226	-0.899	140.0	100.0
158	125.09	185.15115115115117	640.0	-0.129	0.226	-0.899	140.0	100.0
159	125.09	185.52552552552552	640.0	-0.129	0.226	-0.899	140.0	100.0
160	125.09	185.8998998998999	640.0	-0.129	0.226	-0.899	140.0	100.0
161	125.09	186.27427427427426	640.0	-0.129	0.226	-0.899	140.0	100.0
162	125.09	186.64864864864865	640.0	-0.129	0.226	-0.899	140.0	100.0
163	125.09	187.02302302302303	640.0	-0.129	0.226	-0.899	140.0	100.0
164	125.09	187.3973973973974	640.0	-0.129	0.226	-0.899	140.0	100.0
165	125.09	187.77177177177177	640.0	-0.129	0.226	-0.899	140.0	100.0
166	125.09	188.14614614614615	640.0	-0.129	0.226	-0.899	140.0	100.0
167	125.09	188.5205205205205	640.0	-0.129	0.226	-0.899	140.0	100.0
168	125.09	188.8948948948949	640.0	-0.129	0.226	-0.899	140.0	100.0
169	125.09	189.26926926926927	640.0	-0.129	0.226	-0.899	140.0	100.0
170	125.09	189.64364364364366	640.0	-0.129	0.226	-0.899	140.0	100.0
171	125.09	190.018018018018	640.0	-0.129	0.226	-0.899	140.0	100.0
172	125.09	190.3923923923924	640.0	-0.129	0.226	-0.899	140.0	100.0
173	125.09	190.76676676676675	640.0	-0.129	0.226	-0.899	140.0	100.0
174	125.09	191.14114114114113	640.0	-0.129	0.226	-0.899	140.0	100.0
175	125.09	191.51551551551552	640.0	-0.129	0.226	-0.899	140.0	100.0
176	125.09	191.8898898898899	640.0	-0.129	0.226	-0.899	140.0	100.0
177	125.09	192.26426426426428	640.0	-0.129	0.226	-0.899	140.0	100.0
178	125.09	192.63863863863864	640.0	-0.129	0.226	-0.899	140.0	100.0
179	125.09	193.013013013013	640.0	-0.129	0.226	-0.899	140.0	100.0
180	125.09	193.38738738738738	640.0	-0.129	0.226	-0.899	140.0	100.0
181	125.09	193.76176176176176	640.0	-0.129	0.226	-0.899	140.0	100.0
182	125.09	194.13613613613614	640.0	-0.129	0.226	-0.899	140.0	100.0
183	125.09	194.51051051051053	640.0	-0.129	0.226	-0.899	140.0	100.0
184	125.09	194.88488488488488	640.0	-0.129	0.226	-0.899	140.0	100.0
185	125.09	195.25925925925924	640.0	-0.129	0.226	-0.899	140.0	100.0
186	125.09	195.63363363363362	640.0	-0.129	0.226	-0.899	140.0	100.0
187	125.09	196.008008008008	640.0	-0.129	0.226	-0.899	140.0	100.0
188	125.09	196.3823823823824	640.0	-0.129	0.226	-0.899	140.0	100.0
189	125.09	196.75675675675677	640.0	-0.129	0.226	-0.899	140.0	100.0
190	125.09	197.13113113113113	640.0	-0.129	0.226	-0.899	140.0	100.0
191	125.09	197.5055055055055	640.0	-0.129	0.226	-0.899	140.0	100.0
192	125.09	197.87987987987987	640.0	-0.129	0.226	-0.899	140.0	100.0
193	125.09	198.25425425425425	640.0	-0.129	0.226	-0.899	140.0	100.0
194	125.09	198.62862862862863	640.0	-0.129	0.226	-0.899	140.0	100.0
195	125.09	199.00300300300302	640.0	-0.129	0.226	-0.899	140.0	100.0
196	125.09	199.37737737737737	640.0	-0.129	0.226	-0.899	140.0	100.0
197	125.09	199.75175175175175	640.0	-0.129	0.226	-0.899	140.0	100.0
198	125.09	200.1261261261261	640.0	-0.129	0.226	-0.899	140.0	100.0
199	125.09	200.5005005005005	640.0	-0.129	0.226	-0.899	140.0	100.0
200	125.09	200.87487487487488	640.0	-0.129	0.226	-0.899	140.0	100.0
201	125.09	201.24924924924926	640.0	-0.129	0.226	-0.899	140.0	100.0
202	125.09	201.62362362362364	640.0	-0.129	0.226	-0.899	140.0	100.0
203	125.09	201.997997997998	640.0	-0.129	0.226	-0.899	140.0	100.0
204	125.09	202.37237237237235	640.0	-0.129	0.226	-0.899	140.0	100.0
205	125.09	202.74674674674674	640.0	-0.129	0.226	-0.899	140.0	100.0
206	125.09	203.12112112112112	640.0	-0.129	0.226	-0.899	140.0	100.0
207	125.09	203.4954954954955	640.0	-0.129	0.226	-0.899	140.0	100.0
208	125.09	203.8698698698699	640.0	-0.129	0.226	-0.899	140.0	100.0
209	125.09	204.24424424424424	640.0	-0.129	0.226	-0.899	140.0	100.0
210	125.09	204.6186186186186	640.0	-0.129	0.226	-0.899	140.0	100.0
211	125.09	204.99299299299298	640.0	-0.129	0.226	-0.899	140.0	100.0
212	125.09	205.36736736736736	640.0	-0.129	0.226	-0.899	140.0	100.0
213	125.09	205.74174174174175	640.0	-0.129	0.226	-0.899	140.0	100.0
214	125.09	206.11611611611613	640.0	-0.129	0.226	-0.899	140.0	100.0
215	125.09	206.4904904904905	640.0	-0.129	0.226	-0.899	140.0	100.0
216	125.09	206.86486486486487	640.0	-0.129	0.226	-0.899	140.0	100.0
217	125.09	207.23923923923923	640.0	-0.129	0.226	-0.899	140.0	100.0
218	125.09	207.6136136136136	640.0	-0.129	0.226	-0.899	140.0	100.0
219	125.09	207.987987987988	640.0	-0.129	0.226	-0.899	140.0	100.0
220	125.09	208.36236236236238	640.0	-0.129	0.226	-0.899	140.0	100.0
221	125.09	208.73673673673673	640.0	-0.129	0.226	-0.899	140.0	100.0
222	125.09	209.11111111111111	640.0	-0.129	0.226	-0.899	140.0	100.0
223	125.09	209.48548548548547	640.0	-0.129	0.226	-0.899	140.0	100.0
224	125.09	209.85985985985985	640.0	-0.129	0.226	-0.899	140.0	100.0
225	125.09	210.23423423423424	640.0	-0.129	0.226	-0.899	140.0	100.0
226	125.09	210.60860860860862	640.0	-0.129	0.226	-0.899	140.0	100.0
227	125.09	210.982982982983	640.0	-0.129	0.226	-0.899	140.0	100.0
228	125.09	211.35735735735736	640.0	-0.129	0.226	-0.899	140.0	100.0
229	125.09	211.7317317317317	640.0	-0.129	0.226	-0.899	140.0	100.0
230	125.09	212.1061061061061	640.0	-0.129	0.226	-0.899	140.0	100.0
231	125.09	212.48048048048048	640.0	-0.129	0.226	-0.899	140.0	100.0
232	125.09	212.85485485485486	640.0	-0.129	0.226	-0.899	140.0	100.0
233	125.09	213.22922922922925	640.0	-0.129	0.226	-0.899	140.0	100.0
234	125.09	213.6036036036036	640.0	-0.129	0.226	-0.899	140.0	100.0
235	125.09	213.97797797797796	640.0	-0.129	0.226	-0.899	140.0	100.0
236	125.09	214.35235235235234	640.0	-0.129	0.226	-0.899	140.0	100.0
237	125.09	214.72672672672672	640.0	-0.129	0.226	-0.899	140.0	100.0
238	125.09	215.1011011011011	640.0	-0.129	0.226	-0.899	140.0	100.0
239	125.09	215.4754754754755	640.0	-0.129	0.226	-0.899	140.0	100.0
240	125.09	215.84984984984985	640.0	-0.129	0.226	-0.899	140.0	100.0
241	125.09	216.22422422422423	640.0	-0.129	0.226	-0.899	140.0	100.0
242	125.09	216.59859859859858	640.0	-0.129	0.226	-0.899	140.0	100.0
243	125.09	216.97297297297297	640.0	-0.129	0.226	-0.899	140.0	100.0
244	125.09	217.34734734734735	640.0	-0.129	0.226	-0.899	140.0	100.0
245	125.09	217.72172172172174	640.0	-0.129	0.226	-0.899	140.0	100.0
246	125.09	218.0960960960961	640.0	-0.129	0.226	-0.899	140.0	100.0
247	125.09	218.47047047047047	640.0	-0.129	0.226	-0.899	140.0	100.0
248	125.09	218.84484484484483	640.0	-0.129	0.226	-0.899	140.0	100.0
249	125.09	219.2192192192192	640.0	-0.129	0.226	-0.899	140.0	100.0
250	125.09	219.5935935935936	640.0	-0.129	0.226	-0.899	140.0	100.0
251	125.09	219.96796796796798	640.0	-0.129	0.226	-0.899	140.0	100.0
252	125.09	220.34234234234236	640.0	-0.129	0.226	-0.899	140.0	100.0
253	125.09	220.71671671671672	640.0	-0.129	0.226	-0.899	140.0	100.0
254	125.09	221.09109109109107	640.0	-0.129	0.226	-0.899	140.0	100.0
255	125.09	221.46546546546546	640.0	-0.129	0.226	-0.899	140.0	100.0
256	125.09	221.83983983983984	640.0	-0.129	0.226	-0.899	140.0	100.0
257	125.09	222.21421421421422	640.0	-0.129	0.226	-0.899	140.0	100.0
258	125.09	222.5885885885886	640.0	-0.129	0.226	-0.899	140.0	100.0
259	125.09	222.96296296296296	640.0	-0.129	0.226	-0.899	140.0	100.0
260	125.09	223.33733733733732	640.0	-0.129	0.226	-0.899	140.0	100.0
261	125.09	223.7117117117117	640.0	-0.129	0.226	-0.899	140.0	100.0
262	125.09	224.08608608608608	640.0	-0.129	0.226	-0.899	140.0	100.0
263	125.09	224.46046046046047	640.0	-0.129	0.226	-0.899	140.0	100.0
264	125.09	224.83483483483485	640.0	-0.129	0.226	-0.899	140.0	100.0
265	125.09	225.2092092092092	640.0	-0.129	0.226	-0.899	140.0	100.0
266	125.09	225.5835835835836	640.0	-0.129	0.226	-0.899	140.0	100.0
267	125.09	225.95795795795794	640.0	-0.129	0.226	-0.899	140.0	100.0
268	125.09	226.33233233233233	640.0	-0.129	0.226	-0.899	140.0	100.0
269	125.09	226.7067067067067	640.0	-0.129	0.226	-0.899	140.0	100.0
270	125.09	227.0810810810811	640.0	-0.129	0.226	-0.899	140.0	100.0
271	125.09	227.45545545545545	640.0	-0.129	0.226	-0.899	140.0	100.0
272	125.09	227.82982982982983	640.0	-0.129	0.226	-0.899	140.0	100.0
273	125.09	228.2042042042042	640.0	-0.129	0.226	-0.899	140.0	100.0
274	125.09	228.57857857857857	640.0	-0.129	0.226	-0.899	140.0	100.0
275	125.09	228.95295295295296	640.0	-0.129	0.226	-0.899	140.0	100.0
276	125.09	229.32732732732734	640.0	-0.129	0.226	-0.899	140.0	100.0
277	125.09	229.70170170170172	640.0	-0.129	0.226	-0.899	140.0	100.0
278	125.09	230.07607607607608	640.0	-0.129	0.226	-0.899	140.0	100.0
279	125.09	230.45045045045043	640.0	-0.129	0.226	-0.899	140.0	100.0
280	125.09	230.82482482482482	640.0	-0.129	0.226	-0.899	140.0	100.0
281	125.09	231.1991991991992	640.0	-0.129	0.226	-0.899	140.0	100.0
282	125.09	231.57357357357358	640.0	-0.129	0.226	-0.899	140.0	100.0
283	125.09	231.94794794794797	640.0	-0.129	0.226	-0.899	140.0	100.0
284	125.09	232.32232232232232	640.0	-0.129	0.226	-0.899	140.0	100.0
285	125.09	232.69669669669668	640.0	-0.129	0.226	-0.899	140.0	100.0
286	125.09	233.07107107107106	640.0	-0.129	0.226	-0.899	140.0	100.0
287	125.09	233.44544544544544	640.0	-0.129	0.226	-0.899	140.0	100.0
288	125.09	233.81981981981983	640.0	-0.129	0.226	-0.899	140.0	100.0
289	125.09	234.1941941941942	640.0	-0.129	0.226	-0.899	140.0	100.0
290	125.09	234.56856856856857	640.0	-0.129	0.226	-0.899	140.0	100.0
291	125.09	234.94294294294295	640.0	-0.129	0.226	-0.899	140.0	100.0
292	125.09	235.3173173173173	640.0	-0.129	0.226	-0.899	140.0	100.0
293	125.09	235.6916916916917	640.0	-0.129	0.226	-0.899	140.0	100.0
294	125.09	236.06606606606607	640.0	-0.129	0.226	-0.899	140.0	100.0
295	125.09	236.44044044044045	640.0	-0.129	0.226	-0.899	140.0	100.0
296	125.09	236.8148148148148	640.0	-0.129	0.226	-0.899	140.0	100.0
297	125.09	237.1891891891892	640.0	-0.129	0.226	-0.899	140.0	100.0
298	125.09	237.56356356356355	640.0	-0.129	0.226	-0.899	140.0	100.0
299	125.09	237.93793793793793	640.0	-0.129	0.226	-0.899	140.0	100.0
300	125.09	238.31231231231232	640.0	-0.129	0.226	-0.899	140.0	100.0
301	125.09	238.6866866866867	640.0	-0.129	0.226	-0.899	140.0	100.0
302	125.09	239.06106106106108	640.0	-0.129	0.226	-0.899	140.0	100.0
303	125.09	239.43543543543544	640.0	-0.129	0.226	-0.899	140.0	100.0
304	125.09	239.8098098098098	640.0	-0.129	0.226	-0.899	140.0	100.0
305	125.09	240.18418418418418	640.0	-0.129	0.226	-0.899	140.0	100.0
306	125.09	240.55855855855856	640.0	-0.129	0.226	-0.899	140.0	100.0
307	125.09	240.93293293293294	640.0	-0.129	0.226	-0.899	140.0	100.0
308	125.09	241.30730730730733	640.0	-0.129	0.226	-0.899	140.0	100.0
309	125.09	241.68168168168168	640.0	-0.129	0.226	-0.899	140.0	100.0
310	125.09	242.05605605605604	640.0	-0.129	0.226	-0.899	140.0	100.0
311	125.09	242.43043043043042	640.0	-0.129	0.226	-0.899	140.0	100.0
312	125.09	242.8048048048048	640.0	-0.129	0.226	-0.899	140.0	100.0
313	125.09	243.1791791791792	640.0	-0.129	0.226	-0.899	140.0	100.0
314	125.09	243.55355355355357	640.0	-0.129	0.226	-0.899	140.0	100.0
315	125.09	243.92792792792793	640.0	-0.129	0.226	-0.899	140.0	100.0
316	125.09	244.3023023023023	640.0	-0.129	0.226	-0.899	140.0	100.0
317	125.09	244.67667667667666	640.0	-0.129	0.226	-0.899	140.0	100.0
318	125.09	245.05105105105105	640.0	-0.129	0.226	-0.899	140.0	100.0
319	125.09	245.42542542542543	640.0	-0.129	0.226	-0.899	140.0	100.0
320	125.09	245.7997997997998	640.0	-0.129	0.226	-0.899	140.0	100.0
321	125.09	246.17417417417417	640.0	-0.129	0.226	-0.899	140.0	100.0
322	125.09	246.54854854854855	640.0	-0.129	0.226	-0.899	140.0	100.0
323	125.09	246.9229229229229	640.0	-0.129	0.226	-0.899	140.0	100.0
324	125.09	247.2972972972973	640.0	-0.129	0.226	-0.899	140.0	100.0
325	125.09	247.67167167167167	640.0	-0.129	0.226	-0.899	140.0	100.0
326	125.09	248.04604604604606	640.0	-0.129	0.226	-0.899	140.0	100.0
327	125.09	248.42042042042044	640.0	-0.129	0.226	-0.899	140.0	100.0
328	125.09	248.7947947947948	640.0	-0.129	0.226	-0.899	140.0	100.0
329	125.09	249.16916916916915	640.0	-0.129	0.226	-0.899	140.0	100.0
330	125.09	249.54354354354354	640.0	-0.129	0.226	-0.899	140.0	100.0
331	125.09	249.91791791791792	640.0	-0.129	0.226	-0.899	140.0	100.0
332	125.09	250.2922922922923	640.0	-0.129	0.226	-0.899	140.0	100.0
333	125.09	250.66666666666669	640.0	-0.129	0.226	-0.899	140.0	100.0
334	125.09	251.04104104104104	640.0	-0.129	0.226	-0.899	140.0	100.0
335	125.09	251.4154154154154	640.0	-0.129	0.226	-0.899	140.0	100.0
336	125.09	251.78978978978978	640.0	-0.129	0.226	-0.899	140.0	100.0
337	125.09	252.16416416416416	640.0	-0.129	0.226	-0.899	140.0	100.0
338	125.09	252.53853853853855	640.0	-0.129	0.226	-0.899	140.0	100.0
339	125.09	252.91291291291293	640.0	-0.129	0.226	-0.899	140.0	100.0
340	125.09	253.28728728728728	640.0	-0.129	0.226	-0.899	140.0	100.0
341	125.09	253.66166166166167	640.0	-0.129	0.226	-0.899	140.0	100.0
342	125.09	254.03603603603602	640.0	-0.129	0.226	-0.899	140.0	100.0
343	125.09	254.4104104104104	640.0	-0.129	0.226	-0.899	140.0	100.0
344	125.09	254.7847847847848	640.0	-0.129	0.226	-0.899	140.0	100.0
345	125.09	255.15915915915915	640.0	-0.129	0.226	-0.899	140.0	100.0
346	125.09	255.53353353353353	640.0	-0.129	0.226	-0.899	140.0	100.0
347	125.09	255.9079079079079	640.0	-0.129	0.226	-0.899	140.0	100.0
348	125.09	256.28228228228227	640.0	-0.129	0.226	-0.899	140.0	100.0
349	125.09	256.65665665665665	640.0	-0.129	0.226	-0.899	140.0	100.0
350	125.09	257.03103103103103	640.0	-0.129	0.226	-0.899	140.0	100.0
351	125.09	257.4054054054054	640.0	-0.129	0.226	-0.899	140.0	100.0
352	125.09	257.7797797797798	640.0	-0.129	0.226	-0.899	140.0	100.0
353	125.09	258.1541541541542	640.0	-0.129	0.226	-0.899	140.0	100.0
354	125.09	258.52852852852857	640.0	-0.129	0.226	-0.899	140.0	100.0
355	125.09	258.9029029029029	640.0	-0.129	0.226	-0.899	140.0	100.0
356	125.09	259.2772772772773	640.0	-0.129	0.226	-0.899	140.0	100.0
357	125.09	259.65165165165166	640.0	-0.129	0.226	-0.899	140.0	100.0
358	125.09	260.026026026026	640.0	-0.129	0.226	-0.899	140.0	100.0
359	125.09	260.4004004004004	640.0	-0.129	0.226	-0.899	140.0	100.0
360	125.09	260.77477477477476	640.0	-0.129	0.226	-0.899	140.0	100.0
361	125.09	261.14914914914914	640.0	-0.129	0.226	-0.899	140.0	100.0
362	125.09	261.5235235235235	640.0	-0.129	0.226	-0.899	140.0	100.0
363	125.09	261.8978978978979	640.0	-0.129	0.226	-0.899	140.0	100.0
364	125.09	262.2722722722723	640.0	-0.129	0.226	-0.899	140.0	100.0
365	125.09	262.6466466466467	640.0	-0.129	0.226	-0.899	140.0	100.0
366	125.09	263.02102102102106	640.0	-0.129	0.226	-0.899	140.0	100.0
367	125.09	263.3953953953954	640.0	-0.129	0.226	-0.899	140.0	100.0
368	125.09	263.76976976976977	640.0	-0.129	0.226	-0.899	140.0	100.0
369	125.09	264.14414414414415	640.0	-0.129	0.226	-0.899	140.0	100.0
370	125.09	264.5185185185185	640.0	-0.129	0.226	-0.899	140.0	100.0
371	125.09	264.89289289289286	640.0	-0.129	0.226	-0.899	140.0	100.0
372	125.09	265.26726726726724	640.0	-0.129	0.226	-0.899	140.0	100.0
373	125.09	265.6416416416416	640.0	-0.129	0.226	-0.899	140.0	100.0
374	125.09	266.016016016016	640.0	-0.129	0.226	-0.899	140.0	100.0
375	125.09	266.3903903903904	640.0	-0.129	0.226	-0.899	140.0	100.0
376	125.09	266.7647647647648	640.0	-0.129	0.226	-0.899	140.0	100.0
377	125.09	267.13913913913916	640.0	-0.129	0.226	-0.899	140.0	100.0
378	125.09	267.51351351351354	640.0	-0.129	0.226	-0.899	140.0	100.0
379	125.09	267.8878878878879	640.0	-0.129	0.226	-0.899	140.0	100.0
380	125.09	268.26226226226225	640.0	-0.129	0.226	-0.899	140.0	100.0
381	125.09	268.63663663663664	640.0	-0.129	0.226	-0.899	140.0	100.0
382	125.09	269.011011011011	640.0	-0.129	0.226	-0.899	140.0	100.0
383	125.09	269.38538538538535	640.0	-0.129	0.226	-0.899	140.0	100.0
384	125.09	269.75975975975973	640.0	-0.129	0.226	-0.899	140.0	100.0
385	125.09	270.1341341341341	640.0	-0.129	0.226	-0.899	140.0	100.0
386	125.09	270.5085085085085	640.0	-0.129	0.226	-0.899	140.0	100.0
387	125.09	270.8828828828829	640.0	-0.129	0.226	-0.899	140.0	100.0
388	125.09	271.25725725725727	640.0	-0.129	0.226	-0.899	140.0	100.0
389	125.09	271.63163163163165	640.0	-0.129	0.226	-0.899	140.0	100.0
390	125.09	272.00600600600603	640.0	-0.129	0.226	-0.899	140.0	100.0
391	125.09	272.3803803803804	640.0	-0.129	0.226	-0.899	140.0	100.0
392	125.09	272.75475475475474	640.0	-0.129	0.226	-0.899	140.0	100.0
393	125.09	273.1291291291291	640.0	-0.129	0.226	-0.899	140.0	100.0
394	125.09	273.5035035035035	640.0	-0.129	0.226	-0.899	140.0	100.0
395	125.09	273.87787787787784	640.0	-0.129	0.226	-0.899	140.0	100.0
396	125.09	274.2522522522522	640.0	-0.129	0.226	-0.899	140.0	100.0
397	125.09	274.6266266266266	640.0	-0.129	0.226	-0.899	140.0	100.0
398	125.09	275.001001001001	640.0	-0.129	0.226	-0.899	140.0	100.0
399	125.09	275.37537537537537	640.0	-0.129	0.226	-0.899	140.0	100.0
400	125.09	275.74974974974975	640.0	-0.129	0.226	-0.899	140.0	100.0
401	125.09	276.12412412412414	640.0	-0.129	0.226	-0.899	140.0	100.0
402	125.09	276.4984984984985	640.0	-0.129	0.226	-0.899	140.0	100.0
403	125.09	276.8728728728729	640.0	-0.129	0.226	-0.899	140.0	100.0
404	125.09	277.2472472472473	640.0	-0.129	0.226	-0.899	140.0	100.0
405	125.09	277.6216216216216	640.0	-0.129	0.226	-0.899	140.0	100.0
406	125.09	277.995995995996	640.0	-0.129	0.226	-0.899	140.0	100.0
407	125.09	278.3703703703704	640.0	-0.129	0.226	-0.899	140.0	100.0
408	125.09	278.7447447447447	640.0	-0.129	0.226	-0.899	140.0	100.0
409	125.09	279.1191191191191	640.0	-0.129	0.226	-0.899	140.0	100.0
410	125.09	279.4934934934935	640.0	-0.129	0.226	-0.899	140.0	100.0
411	125.09	279.86786786786786	640.0	-0.129	0.226	-0.899	140.0	100.0
412	125.09	280.24224224224224	640.0	-0.129	0.226	-0.899	140.0	100.0
413	125.09	280.6166166166166	640.0	-0.129	0.226	-0.899	140.0	100.0
414	125.09	280.990990990991	640.0	-0.129	0.226	-0.899	140.0	100.0
415	125.09	281.3653653653654	640.0	-0.129	0.226	-0.899	140.0	100.0
416	125.09	281.7397397397398	640.0	-0.129	0.226	-0.899	140.0	100.0
417	125.09	282.1141141141141	640.0	-0.129	0.226	-0.899	140.0	100.0
418	125.09	282.4884884884885	640.0	-0.129	0.226	-0.899	140.0	100.0
419	125.09	282.86286286286287	640.0	-0.129	0.226	-0.899	140.0	100.0
420	125.09	283.2372372372372	640.0	-0.129	0.226	-0.899	140.0	100.0
421	125.09	283.6116116116116	640.0	-0.129	0.226	-0.899	140.0	100.0
422	125.09	283.98598598598596	640.0	-0.129	0.226	-0.899	140.0	100.0
423	125.09	284.36036036036035	640.0	-0.129	0.226	-0.899	140.0	100.0
424	125.09	284.73473473473473	640.0	-0.129	0.226	-0.899	140.0	100.0
425	125.09	285.1091091091091	640.0	-0.129	0.226	-0.899	140.0	100.0
426	125.09	285.4834834834835	640.0	-0.129	0.226	-0.899	140.0	100.0
427	125.09	285.8578578578579	640.0	-0.129	0.226	-0.899	140.0	100.0
428	125.09	286.23223223223226	640.0	-0.129	0.226	-0.899	140.0	100.0
429	125.09	286.60660660660665	640.0	-0.129	0.226	-0.899	140.0	100.0
430	125.09	286.980980980981	640.0	-0.129	0.226	-0.899	140.0	100.0
431	125.09	287.35535535535536	640.0	-0.129	0.226	-0.899	140.0	100.0
432	125.09	287.72972972972974	640.0	-0.129	0.226	-0.899	140.0	100.0
433	125.09	288.10410410410407	640.0	-0.129	0.226	-0.899	140.0	100.0
434	125.09	288.47847847847845	640.0	-0.129	0.226	-0.899	140.0	100.0
435	125.09	288.85285285285283	640.0	-0.129	0.226	-0.899	140.0	100.0
436	125.09	289.2272272272272	640.0	-0.129	0.226	-0.899	140.0	100.0
437	125.09	289.6016016016016	640.0	-0.129	0.226	-0.899	140.0	100.0
438	125.09	289.975975975976	640.0	-0.129	0.226	-0.899	140.0	100.0
439	125.09	290.35035035035037	640.0	-0.129	0.226	-0.899	140.0	100.0
440	125.09	290.72472472472475	640.0	-0.129	0.226	-0.899	140.0	100.0
441	125.09	291.09909909909913	640.0	-0.129	0.226	-0.899	140.0	100.0
442	125.09	291.47347347347346	640.0	-0.129	0.226	-0.899	140.0	100.0
443	125.09	291.84784784784785	640.0	-0.129	0.226	-0.899	140.0	100.0
444	125.09	292.22222222222223	640.0	-0.129	0.226	-0.899	140.0	100.0
445	125.09	292.59659659659656	640.0	-0.129	0.226	-0.899	140.0	100.0
446	125.09	292.97097097097094	640.0	-0.129	0.226	-0.899	140.0	100.0
447	125.09	293.3453453453453	640.0	-0.129	0.226	-0.899	140.0	100.0
448	125.09	293.7197197197197	640.0	-0.129	0.226	-0.899	140.0	100.0
449	125.09	294.0940940940941	640.0	-0.129	0.226	-0.899	140.0	100.0
450	125.09	294.4684684684685	640.0	-0.129	0.226	-0.899	140.0	100.0
451	125.09	294.84284284284286	640.0	-0.129	0.226	-0.899	140.0	100.0
452	125.09	295.21721721721724	640.0	-0.129	0.226	-0.899	140.0	100.0
453	125.09	295.5915915915916	640.0	-0.129	0.226	-0.899	140.0	100.0
454	125.09	295.965965965966	640.0	-0.129	0.226	-0.899	140.0	100.0
455	125.09	296.34034034034033	640.0	-0.129	0.226	-0.899	140.0	100.0
456	125.09	296.7147147147147	640.0	-0.129	0.226	-0.899	140.0	100.0
457	125.09	297.0890890890891	640.0	-0.129	0.226	-0.899	140.0	100.0
458	125.09	297.4634634634634	640.0	-0.129	0.226	-0.899	140.0	100.0
459	125.09	297.8378378378378	640.0	-0.129	0.226	-0.899	140.0	100.0
460	125.09	298.2122122122122	640.0	-0.129	0.226	-0.899	140.0	100.0
461	125.09	298.5865865865866	640.0	-0.129	0.226	-0.899	140.0	100.0
462	125.09	298.96096096096096	640.0	-0.129	0.226	-0.899	140.0	100.0
463	125.09	299.33533533533534	640.0	-0.129	0.226	-0.899	140.0	100.0
464	125.09	299.7097097097097	640.0	-0.129	0.226	-0.899	140.0	100.0
465	125.09	300.0840840840841	640.0	-0.129	0.226	-0.899	140.0	100.0
466	125.09	300.4584584584585	640.0	-0.129	0.226	-0.899	140.0	100.0
467	125.09	300.8328328328328	640.0	-0.129	0.226	-0.899	140.0	100.0
468	125.09	301.2072072072072	640.0	-0.129	0.226	-0.899	140.0	100.0
469	125.09	301.5815815815816	640.0	-0.129	0.226	-0.899	140.0	100.0
470	125.09	301.9559559559559	640.0	-0.129	0.226	-0.899	140.0	100.0
471	125.09	302.3303303303303	640.0	-0.129	0.226	-0.899	140.0	100.0
472	125.09	302.7047047047047	640.0	-0.129	0.226	-0.899	140.0	100.0
473	125.09	303.07907907907907	640.0	-0.129	0.226	-0.899	140.0	100.0
474	125.09	303.45345345345345	640.0	-0.129	0.226	-0.899	140.0	100.0
475	125.09	303.82782782782783	640.0	-0.129	0.226	-0.899	140.0	100.0
476	125.09	304.2022022022022	640.0	-0.129	0.226	-0.899	140.0	100.0
477	125.09	304.5765765765766	640.0	-0.129	0.226	-0.899	140.0	100.0
478	125.09	304.950950950951	640.0	-0.129	0.226	-0.899	140.0	100.0
479	125.09	305.32532532532537	640.0	-0.129	0.226	-0.899	140.0	100.0
480	125.09	305.6996996996997	640.0	-0.129	0.226	-0.899	140.0	100.0
481	125.09	306.0740740740741	640.0	-0.129	0.226	-0.899	140.0	100.0
482	125.09	306.44844844844846	640.0	-0.129	0.226	-0.899	140.0	100.0
483	125.09	306.8228228228228	640.0	-0.129	0.226	-0.899	140.0	100.0
484	125.09	307.19719719719717	640.0	-0.129	0.226	-0.899	140.0	100.0
485	125.09	307.57157157157155	640.0	-0.129	0.226	-0.899	140.0	100.0
486	125.09	307.94594594594594	640.0	-0.129	0.226	-0.899	140.0	100.0
487	125.09	308.3203203203203	640.0	-0.129	0.226	-0.899	140.0	100.0
488	125.09	308.6946946946947	640.0	-0.129	0.226	-0.899	140.0	100.0
489	125.09	309.0690690690691	640.0	-0.129	0.226	-0.899	140.0	100.0
490	125.09	309.44344344344347	640.0	-0.129	0.226	-0.899	140.0	100.0
491	125.09	309.81781781781785	640.0	-0.129	0.226	-0.899	140.0	100.0
492	125.09	310.1921921921922	640.0	-0.129	0.226	-0.899	140.0	100.0
493	125.09	310.56656656656656	640.0	-0.129	0.226	-0.899	140.0	100.0
494	125.09	310.94094094094095	640.0	-0.129	0.226	-0.899	140.0	100.0
495	125.09	311.3153153153153	640.0	-0.129	0.226	-0.899	140.0	100.0
496	125.09	311.68968968968966	640.0	-0.129	0.226	-0.899	140.0	100.0
497	125.09	312.06406406406404	640.0	-0.129	0.226	-0.899	140.0	100.0
498	125.09	312.4384384384384	640.0	-0.129	0.226	-0.899	140.0	100.0
499	125.09	312.8128128128128	640.0	-0.129	0.226	-0.899	140.0	100.0
500	125.09	313.1871871871872	640.0	-0.129	0.226	-0.899	140.0	100.0
501	125.09	313.5615615615616	640.0	-0.129	0.226	-0.899	140.0	100.0
502	125.09	313.93593593593596	640.0	-0.129	0.226	-0.899	140.0	100.0
503	125.09	314.31031031031034	640.0	-0.129	0.226	-0.899	140.0	100.0
504	125.09	314.6846846846847	640.0	-0.129	0.226	-0.899	140.0	100.0
505	125.09	315.05905905905905	640.0	-0.129	0.226	-0.899	140.0	100.0
506	125.09	315.43343343343344	640.0	-0.129	0.226	-0.899	140.0	100.0
507	125.09	315.8078078078078	640.0	-0.129	0.226	-0.899	140.0	100.0
508	125.09	316.18218218218215	640.0	-0.129	0.226	-0.899	140.0	100.0
509	125.09	316.55655655655653	640.0	-0.129	0.226	-0.899	140.0	100.0
510	125.09	316.9309309309309	640.0	-0.129	0.226	-0.899	140.0	100.0
511	125.09	317.3053053053053	640.0	-0.129	0.226	-0.899	140.0	100.0
512	125.09	317.6796796796797	640.0	-0.129	0.226	-0.899	140.0	100.0
513	125.09	318.05405405405406	640.0	-0.129	0.226	-0.899	140.0	100.0
514	125.09	318.42842842842845	640.0	-0.129	0.226	-0.899	140.0	100.0
515	125.09	318.80280280280283	640.0	-0.129	0.226	-0.899	140.0	100.0
516	125.09	319.1771771771772	640.0	-0.129	0.226	-0.899	140.0	100.0
517	125.09	319.55155155155154	640.0	-0.129	0.226	-0.899	140.0	100.0
518	125.09	319.9259259259259	640.0	-0.129	0.226	-0.899	140.0	100.0
519	125.09	320.3003003003003	640.0	-0.129	0.226	-0.899	140.0	100.0
520	125.09	320.67467467467463	640.0	-0.129	0.226	-0.899	140.0	100.0
521	125.09	321.049049049049	640.0	-0.129	0.226	-0.899	140.0	100.0
522	125.09	321.4234234234234	640.0	-0.129	0.226	-0.899	140.0	100.0
523	125.09	321.7977977977978	640.0	-0.129	0.226	-0.899	140.0	100.0
524	125.09	322.17217217217217	640.0	-0.129	0.226	-0.899	140.0	100.0
525	125.09	322.54654654654655	640.0	-0.129	0.226	-0.899	140.0	100.0
526	125.09	322.92092092092093	640.0	-0.129	0.226	-0.899	140.0	100.0
527	125.09	323.2952952952953	640.0	-0.129	0.226	-0.899	140.0	100.0
528	125.09	323.6696696696697	640.0	-0.129	0.226	-0.899	140.0	100.0
529	125.09	324.0440440440441	640.0	-0.129	0.226	-0.899	140.0	100.0
530	125.09	324.4184184184184	640.0	-0.129	0.226	-0.899	140.0	100.0
531	125.09	324.7927927927928	640.0	-0.129	0.226	-0.899	140.0	100.0
532	125.09	325.1671671671672	640.0	-0.129	0.226	-0.899	140.0	100.0
533	125.09	325.5415415415415	640.0	-0.129	0.226	-0.899	140.0	100.0
534	125.09	325.9159159159159	640.0	-0.129	0.226	-0.899	140.0	100.0
535	125.09	326.2902902902903	640.0	-0.129	0.226	-0.899	140.0	100.0
536	125.09	326.66466466466466	640.0	-0.129	0.226	-0.899	140.0	100.0
537	125.09	327.03903903903904	640.0	-0.129	0.226	-0.899	140.0	100.0
538	125.09	327.4134134134134	640.0	-0.129	0.226	-0.899	140.0	100.0
539	125.09	327.7877877877878	640.0	-0.129	0.226	-0.899	140.0	100.0
540	125.09	328.1621621621622	640.0	-0.129	0.226	-0.899	140.0	100.0
541	125.09	328.5365365365366	640.0	-0.129	0.226	-0.899	140.0	100.0
542	125.09	328.9109109109109	640.0	-0.129	0.226	-0.899	140.0	100.0
543	125.09	329.2852852852853	640.0	-0.129	0.226	-0.899	140.0	100.0
544	125.09	329.65965965965967	640.0	-0.129	0.226	-0.899	140.0	100.0
545	125.09	330.034034034034	640.0	-0.129	0.226	-0.899	140.0	100.0
546	125.09	330.4084084084084	640.0	-0.129	0.226	-0.899	140.0	100.0
547	125.09	330.78278278278276	640.0	-0.129	0.226	-0.899	140.0	100.0
548	125.09	331.15715715715714	640.0	-0.129	0.226	-0.899	140.0	100.0
549	125.09	331.5315315315315	640.0	-0.129	0.226	-0.899	140.0	100.0
550	125.09	331.9059059059059	640.0	-0.129	0.226	-0.899	140.0	100.0
551	125.09	332.2802802802803	640.0	-0.129	0.226	-0.899	140.0	100.0
552	125.09	332.6546546546547	640.0	-0.129	0.226	-0.899	140.0	100.0
553	125.09	333.02902902902906	640.0	-0.129	0.226	-0.899	140.0	100.0
554	125.09	333.40340340340344	640.0	-0.129	0.226	-0.899	140.0	100.0
555	125.09	333.77777777777777	640.0	-0.129	0.226	-0.899	140.0	100.0
556	125.09	334.15215215215215	640.0	-0.129	0.226	-0.899	140.0	100.0
557	125.09	334.52652652652654	640.0	-0.129	0.226	-0.899	140.0	100.0
558	125.09	334.90090090090087	640.0	-0.129	0.226	-0.899	140.0	100.0
559	125.09	335.27527527527525	640.0	-0.129	0.226	-0.899	140.0	100.0
560	125.09	335.64964964964963	640.0	-0.129	0.226	-0.899	140.0	100.0
561	125.09	336.024024024024	640.0	-0.129	0.226	-0.899	140.0	100.0
562	125.09	336.3983983983984	640.0	-0.129	0.226	-0.899	140.0	100.0
563	125.09	336.7727727727728	640.0	-0.129	0.226	-0.899	140.0	100.0
564	125.09	337.14714714714717	640.0	-0.129	0.226	-0.899	140.0	100.0
565	125.09	337.52152152152155	640.0	-0.129	0.226	-0.899	140.0	100.0
566	125.09	337.89589589589593	640.0	-0.129	0.226	-0.899	140.0	100.0
567	125.09	338.27027027027026	640.0	-0.129	0.226	-0.899	140.0	100.0
568	125.09	338.64464464464464	640.0	-0.129	0.226	-0.899	140.0	100.0
569	125.09	339.019019019019	640.0	-0.129	0.226	-0.899	140.0	100.0
570	125.09	339.39339339339335	640.0	-0.129	0.226	-0.899	140.0	100.0
571	125.09	339.76776776776774	640.0	-0.129	0.226	-0.899	140.0	100.0
572	125.09	340.1421421421421	640.0	-0.129	0.226	-0.899	140.0	100.0
573	125.09	340.5165165165165	640.0	-0.129	0.226	-0.899	140.0	100.0
574	125.09	340.8908908908909	640.0	-0.129	0.226	-0.899	140.0	100.0
575	125.09	341.26526526526527	640.0	-0.129	0.226	-0.899	140.0	100.0
576	125.09	341.63963963963965	640.0	-0.129	0.226	-0.899	140.0	100.0
577	125.09	342.01401401401404	640.0	-0.129	0.226	-0.899	140.0	100.0
578	125.09	342.3883883883884	640.0	-0.129	0.226	-0.899	140.0	100.0
579	125.09	342.7627627627628	640.0	-0.129	0.226	-0.899	140.0	100.0
580	125.09	343.13713713713713	640.0	-0.129	0.226	-0.899	140.0	100.0
581	125.09	343.5115115115115	640.0	-0.129	0.226	-0.899	140.0	100.0
582	125.09	343.8858858858859	640.0	-0.129	0.226	-0.899	140.0	100.0
583	125.09	344.2602602602602	640.0	-0.129	0.226	-0.899	140.0	100.0
584	125.09	344.6346346346346	640.0	-0.129	0.226	-0.899	140.0	100.0
585	125.09	345.009009009009	640.0	-0.129	0.226	-0.899	140.0	100.0
586	125.09	345.3833833833834	640.0	-0.129	0.226	-0.899	140.0	100.0
587	125.09	345.75775775775776	640.0	-0.129	0.226	-0.899	140.0	100.0
588	125.09	346.13213213213214	640.0	-0.129	0.226	-0.899	140.0	100.0
589	125.09	346.5065065065065	640.0	-0.129	0.226	-0.899	140.0	100.0
590	125.09	346.8808808808809	640.0	-0.129	0.226	-0.899	140.0	100.0
591	125.09	347.2552552552553	640.0	-0.129	0.226	-0.899	140.0	100.0
592	125.09	347.6296296296296	640.0	-0.129	0.226	-0.899	140.0	100.0
593	125.09	348.004004004004	640.0	-0.129	0.226	-0.899	140.0	100.0
594	125.09	348.3783783783784	640.0	-0.129	0.226	-0.899	140.0	100.0
595	125.09	348.7527527527527	640.0	-0.129	0.226	-0.899	140.0	100.0
596	125.09	349.1271271271271	640.0	-0.129	0.226	-0.899	140.0	100.0
597	125.09	349.5015015015015	640.0	-0.129	0.226	-0.899	140.0	100.0
598	125.09	349.87587587587586	640.0	-0.129	0.226	-0.899	140.0	100.0
599	125.09	350.25025025025025	640.0	-0.129	0.226	-0.899	140.0	100.0
600	125.09	350.62462462462463	640.0	-0.129	0.226	-0.899	140.0	100.0
601	125.09	350.998998998999	640.0	-0.129	0.226	-0.899	140.0	100.0
602	125.09	351.3733733733734	640.0	-0.129	0.226	-0.899	140.0	100.0
603	125.09	351.7477477477478	640.0	-0.129	0.226	-0.899	140.0	100.0
604	125.09	352.12212212212216	640.0	-0.129	0.226	-0.899	140.0	100.0
605	125.09	352.4964964964965	640.0	-0.129	0.226	-0.899	140.0	100.0
606	125.09	352.8708708708709	640.0	-0.129	0.226	-0.899	140.0	100.0
607	125.09	353.24524524524526	640.0	-0.129	0.226	-0.899	140.0	100.0
608	125.09	353.6196196196196	640.0	-0.129	0.226	-0.899	140.0	100.0
609	125.09	353.99399399399397	640.0	-0.129	0.226	-0.899	140.0	100.0
610	125.09	354.36836836836835	640.0	-0.129	0.226	-0.899	140.0	100.0
611	125.09	354.74274274274273	640.0	-0.129	0.226	-0.899	140.0	100.0
612	125.09	355.1171171171171	640.0	-0.129	0.226	-0.899	140.0	100.0
613	125.09	355.4914914914915	640.0	-0.129	0.226	-0.899	140.0	100.0
614	125.09	355.8658658658659	640.0	-0.129	0.226	-0.899	140.0	100.0
615	125.09	356.24024024024027	640.0	-0.129	0.226	-0.899	140.0	100.0
616	125.09	356.61461461461465	640.0	-0.129	0.226	-0.899	140.0	100.0
617	125.09	356.988988988989	640.0	-0.129	0.226	-0.899	140.0	100.0
618	125.09	357.36336336336336	640.0	-0.129	0.226	-0.899	140.0	100.0
619	125.09	357.73773773773775	640.0	-0.129	0.226	-0.899	140.0	100.0
620	125.09	358.1121121121121	640.0	-0.129	0.226	-0.899	140.0	100.0
621	125.09	358.48648648648646	640.0	-0.129	0.226	-0.899	140.0	100.0
622	125.09	358.86086086086084	640.0	-0.129	0.226	-0.899	140.0	100.0
623	125.09	359.2352352352352	640.0	-0.129	0.226	-0.899	140.0	100.0
624	125.09	359.6096096096096	640.0	-0.129	0.226	-0.899	140.0	100.0
625	125.09	359.983983983984	640.0	-0.129	0.226	-0.899	140.0	100.0
626	125.09	360.3583583583584	640.0	-0.129	0.226	-0.899	140.0	100.0
627	125.09	360.73273273273276	640.0	-0.129	0.226	-0.899	140.0	100.0
628	125.09	361.10710710710714	640.0	-0.129	0.226	-0.899	140.0	100.0
629	125.09	361.4814814814815	640.0	-0.129	0.226	-0.899	140.0	100.0
630	125.09	361.85585585585585	640.0	-0.129	0.226	-0.899	140.0	100.0
631	125.09	362.23023023023023	640.0	-0.129	0.226	-0.899	140.0	100.0
632	125.09	362.6046046046046	640.0	-0.129	0.226	-0.899	140.0	100.0
633	125.09	362.97897897897894	640.0	-0.129	0.226	-0.899	140.0	100.0
634	125.09	363.3533533533533	640.0	-0.129	0.226	-0.899	140.0	100.0
635	125.09	363.7277277277277	640.0	-0.129	0.226	-0.899	140.0	100.0
636	125.09	364.1021021021021	640.0	-0.129	0.226	-0.899	140.0	100.0
637	125.09	364.4764764764765	640.0	-0.129	0.226	-0.899	140.0	100.0
638	125.09	364.85085085085086	640.0	-0.129	0.226	-0.899	140.0	100.0
639	125.09	365.22522522522524	640.0	-0.129	0.226	-0.899	140.0	100.0
640	125.09	365.5995995995996	640.0	-0.129	0.226	-0.899	140.0	100.0
641	125.09	365.973973973974	640.0	-0.129	0.226	-0.899	140.0	100.0
642	125.09	366.34834834834834	640.0	-0.129	0.226	-0.899	140.0	100.0
643	125.09	366.7227227227227	640.0	-0.129	0.226	-0.899	140.0	100.0
644	125.09	367.0970970970971	640.0	-0.129	0.226	-0.899	140.0	100.0
645	125.09	367.47147147147143	640.0	-0.129	0.226	-0.899	140.0	100.0
646	125.09	367.8458458458458	640.0	-0.129	0.226	-0.899	140.0	100.0
647	125.09	368.2202202202202	640.0	-0.129	0.226	-0.899	140.0	100.0
648	125.09	368.5945945945946	640.0	-0.129	0.226	-0.899	140.0	100.0
649	125.09	368.96896896896897	640.0	-0.129	0.226	-0.899	140.0	100.0
650	125.09	369.34334334334335	640.0	-0.129	0.226	-0.899	140.0	100.0
651	125.09	369.71771771771773	640.0	-0.129	0.226	-0.899	140.0	100.0
652	125.09	370.0920920920921	640.0	-0.129	0.226	-0.899	140.0	100.0
653	125.09	370.4664664664665	640.0	-0.129	0.226	-0.899	140.0	100.0
654	125.09	370.8408408408409	640.0	-0.129	0.226	-0.899	140.0	100.0
655	125.09	371.2152152152152	640.0	-0.129	0.226	-0.899	140.0	100.0
656	125.09	371.5895895895896	640.0	-0.129	0.226	-0.899	140.0	100.0
657	125.09	371.963963963964	640.0	-0.129	0.226	-0.899	140.0	100.0
658	125.09	372.3383383383383	640.0	-0.129	0.226	-0.899	140.0	100.0
659	125.09	372.7127127127127	640.0	-0.129	0.226	-0.899	140.0	100.0
660	125.09	373.08708708708707	640.0	-0.129	0.226	-0.899	140.0	100.0
661	125.09	373.46146146146145	640.0	-0.129	0.226	-0.899	140.0	100.0
662	125.09	373.83583583583584	640.0	-0.129	0.226	-0.899	140.0	100.0
663	125.09	374.2102102102102	640.0	-0.129	0.226	-0.899	140.0	100.0
664	125.09	374.5845845845846	640.0	-0.129	0.226	-0.899	140.0	100.0
665	125.09	374.958958958959	640.0	-0.129	0.226	-0.899	140.0	100.0
666	125.09	375.33333333333337	640.0	-0.129	0.226	-0.899	140.0	100.0
667	125.09	375.7077077077077	640.0	-0.129	0.226	-0.899	140.0	100.0
668	125.09	376.0820820820821	640.0	-0.129	0.226	-0.899	140.0	100.0
669	125.09	376.45645645645646	640.0	-0.129	0.226	-0.899	140.0	100.0
670	125.09	376.8308308308308	640.0	-0.129	0.226	-0.899	140.0	100.0
671	125.09	377.2052052052052	640.0	-0.129	0.226	-0.899	140.0	100.0
672	125.09	377.57957957957956	640.0	-0.129	0.226	-0.899	140.0	100.0
673	125.09	377.95395395395394	640.0	-0.129	0.226	-0.899	140.0	100.0
674	125.09	378.3283283283283	640.0	-0.129	0.226	-0.899	140.0	100.0
675	125.09	378.7027027027027	640.0	-0.129	0.226	-0.899	140.0	100.0
676	125.09	379.0770770770771	640.0	-0.129	0.226	-0.899	140.0	100.0
677	125.09	379.4514514514515	640.0	-0.129	0.226	-0.899	140.0	100.0
678	125.09	379.82582582582586	640.0	-0.129	0.226	-0.899	140.0	100.0
679	125.09	380.20020020020024	640.0	-0.129	0.226	-0.899	140.0	100.0
680	125.09	380.57457457457457	640.0	-0.129	0.226	-0.899	140.0	100.0
681	125.09	380.94894894894895	640.0	-0.129	0.226	-0.899	140.0	100.0
682	125.09	381.32332332332334	640.0	-0.129	0.226	-0.899	140.0	100.0
683	125.09	381.69769769769766	640.0	-0.129	0.226	-0.899	140.0	100.0
684	125.09	382.07207207207205	640.0	-0.129	0.226	-0.899	140.0	100.0
685	125.09	382.44644644644643	640.0	-0.129	0.226	-0.899	140.0	100.0
686	125.09	382.8208208208208	640.0	-0.129	0.226	-0.899	140.0	100.0
687	125.09	383.1951951951952	640.0	-0.129	0.226	-0.899	140.0	100.0
688	125.09	383.5695695695696	640.0	-0.129	0.226	-0.899	140.0	100.0
689	125.09	383.94394394394396	640.0	-0.129	0.226	-0.899	140.0	100.0
690	125.09	384.3183183183183	640.0	-0.129	0.226	-0.899	140.0	100.0
691	125.09	384.6926926926927	640.0	-0.129	0.226	-0.899	140.0	100.0
692	125.09	385.06706706706706	640.0	-0.129	0.226	-0.899	140.0	100.0
693	125.09	385.44144144144144	640.0	-0.129	0.226	-0.899	140.0	100.0
694	125.09	385.8158158158158	640.0	-0.129	0.226	-0.899	140.0	100.0
695	125.09	386.1901901901902	640.0	-0.129	0.226	-0.899	140.0	100.0
696	125.09	386.5645645645646	640.0	-0.129	0.226	-0.899	140.0	100.0
697	125.09	386.9389389389389	640.0	-0.129	0.226	-0.899	140.0	100.0
698	125.09	387.3133133133133	640.0	-0.129	0.226	-0.899	140.0	100.0
699	125.09	387.6876876876877	640.0	-0.129	0.226	-0.899	140.0	100.0
700	125.09	388.06206206206207	640.0	-0.129	0.226	-0.899	140.0	100.0
701	125.09	388.43643643643645	640.0	-0.129	0.226	-0.899	140.0	100.0
702	125.09	388.81081081081084	640.0	-0.129	0.226	-0.899	140.0	100.0
703	125.09	389.18518518518516	640.0	-0.129	0.226	-0.899	140.0	100.0
704	125.09	389.55955955955955	640.0	-0.129	0.226	-0.899	140.0	100.0
705	125.09	389.93393393393393	640.0	-0.129	0.226	-0.899	140.0	100.0
706	125.09	390.3083083083083	640.0	-0.129	0.226	-0.899	140.0	100.0
707	125.09	390.6826826826827	640.0	-0.129	0.226	-0.899	140.0	100.0
708	125.09	391.0570570570571	640.0	-0.129	0.226	-0.899	140.0	100.0
709	125.09	391.4314314314314	640.0	-0.129	0.226	-0.899	140.0	100.0
710	125.09	391.8058058058058	640.0	-0.129	0.226	-0.899	140.0	100.0
711	125.09	392.1801801801802	640.0	-0.129	0.226	-0.899	140.0	100.0
712	125.09	392.55455455455456	640.0	-0.129	0.226	-0.899	140.0	100.0
713	125.09	392.92892892892894	640.0	-0.129	0.226	-0.899	140.0	100.0
714	125.09	393.3033033033033	640.0	-0.129	0.226	-0.899	140.0	100.0
715	125.09	393.67767767767765	640.0	-0.129	0.226	-0.899	140.0	100.0
716	125.09	394.05205205205203	640.0	-0.129	0.226	-0.899	140.0	100.0
717	125.09	394.4264264264264	640.0	-0.129	0.226	-0.899	140.0	100.0
718	125.09	394.8008008008008	640.0	-0.129	0.226	-0.899	140.0	100.0
719	125.09	395.1751751751752	640.0	-0.129	0.226	-0.899	140.0	100.0
720	125.09	395.54954954954957	640.0	-0.129	0.226	-0.899	140.0	100.0
721	125.09	395.92392392392395	640.0	-0.129	0.226	-0.899	140.0	100.0
722	125.09	396.2982982982983	640.0	-0.129	0.226	-0.899	140.0	100.0
723	125.09	396.67267267267266	640.0	-0.129	0.226	-0.899	140.0	100.0
724	125.09	397.04704704704704	640.0	-0.129	0.226	-0.899	140.0	100.0
725	125.09	397.4214214214214	640.0	-0.129	0.226	-0.899	140.0	100.0
726	125.09	397.7957957957958	640.0	-0.129	0.226	-0.899	140.0	100.0
727	125.09	398.1701701701702	640.0	-0.129	0.226	-0.899	140.0	100.0
728	125.09	398.5445445445445	640.0	-0.129	0.226	-0.899	140.0	100.0
729	125.09	398.9189189189189	640.0	-0.129	0.226	-0.899	140.0	100.0
730	125.09	399.2932932932933	640.0	-0.129	0.226	-0.899	140.0	100.0
731	125.09	399.6676676676677	640.0	-0.129	0.226	-0.899	140.0	100.0
732	125.09	400.04204204204206	640.0	-0.129	0.226	-0.899	140.0	100.0
733	125.09	400.41641641641644	640.0	-0.129	0.226	-0.899	140.0	100.0
734	125.09	400.79079079079077	640.0	-0.129	0.226	-0.899	140.0	100.0
735	125.09	401.16516516516515	640.0	-0.129	0.226	-0.899	140.0	100.0
736	125.09	401.53953953953953	640.0	-0.129	0.226	-0.899	140.0	100.0
737	125.09	401.9139139139139	640.0	-0.129	0.226	-0.899	140.0	100.0
738	125.09	402.2882882882883	640.0	-0.129	0.226	-0.899	140.0	100.0
739	125.09	402.6626626626627	640.0	-0.129	0.226	-0.899	140.0	100.0
740	125.09	403.037037037037	640.0	-0.129	0.226	-0.899	140.0	100.0
741	125.09	403.4114114114114	640.0	-0.129	0.226	-0.899	140.0	100.0
742	125.09	403.7857857857858	640.0	-0.129	0.226	-0.899	140.0	100.0
743	125.09	404.16016016016016	640.0	-0.129	0.226	-0.899	140.0	100.0
744	125.09	404.53453453453454	640.0	-0.129	0.226	-0.899	140.0	100.0
745	125.09	404.9089089089089	640.0	-0.129	0.226	-0.899	140.0	100.0
746	125.09	405.2832832832833	640.0	-0.129	0.226	-0.899	140.0	100.0
747	125.09	405.65765765765764	640.0	-0.129	0.226	-0.899	140.0	100.0
748	125.09	406.032032032032	640.0	-0.129	0.226	-0.899	140.0	100.0
749	125.09	406.4064064064064	640.0	-0.129	0.226	-0.899	140.0	100.0
750	125.09	406.7807807807808	640.0	-0.129	0.226	-0.899	140.0	100.0
751	125.09	407.15515515515517	640.0	-0.129	0.226	-0.899	140.0	100.0
752	125.09	407.52952952952955	640.0	-0.129	0.226	-0.899	140.0	100.0
753	125.09	407.9039039039039	640.0	-0.129	0.226	-0.899	140.0	100.0
754	125.09	408.27827827827826	640.0	-0.129	0.226	-0.899	140.0	100.0
755	125.09	408.65265265265265	640.0	-0.129	0.226	-0.899	140.0	100.0
756	125.09	409.02702702702703	640.0	-0.129	0.226	-0.899	140.0	100.0
757	125.09	409.4014014014014	640.0	-0.129	0.226	-0.899	140.0	100.0
758	125.09	409.7757757757758	640.0	-0.129	0.226	-0.899	140.0	100.0
759	125.09	410.1501501501501	640.0	-0.129	0.226	-0.899	140.0	100.0
760	125.09	410.5245245245245	640.0	-0.129	0.226	-0.899	140.0	100.0
761	125.09	410.8988988988989	640.0	-0.129	0.226	-0.899	140.0	100.0
762	125.09	411.2732732732733	640.0	-0.129	0.226	-0.899	140.0	100.0
763	125.09	411.64764764764766	640.0	-0.129	0.226	-0.899	140.0	100.0
764	125.09	412.02202202202204	640.0	-0.129	0.226	-0.899	140.0	100.0
765	125.09	412.39639639639637	640.0	-0.129	0.226	-0.899	140.0	100.0
766	125.09	412.77077077077075	640.0	-0.129	0.226	-0.899	140.0	100.0
767	125.09	413.14514514514514	640.0	-0.129	0.226	-0.899	140.0	100.0
768	125.09	413.5195195195195	640.0	-0.129	0.226	-0.899	140.0	100.0
769	125.09	413.8938938938939	640.0	-0.129	0.226	-0.899	140.0	100.0
770	125.09	414.2682682682683	640.0	-0.129	0.226	-0.899	140.0	100.0
771	125.09	414.64264264264267	640.0	-0.129	0.226	-0.899	140.0	100.0
772	125.09	415.017017017017	640.0	-0.129	0.226	-0.899	140.0	100.0
773	125.09	415.3913913913914	640.0	-0.129	0.226	-0.899	140.0	100.0
774	125.09	415.76576576576576	640.0	-0.129	0.226	-0.899	140.0	100.0
775	125.09	416.14014014014015	640.0	-0.129	0.226	-0.899	140.0	100.0
776	125.09	416.51451451451453	640.0	-0.129	0.226	-0.899	140.0	100.0
777	125.09	416.8888888888889	640.0	-0.129	0.226	-0.899	140.0	100.0
778	125.09	417.26326326326324	640.0	-0.129	0.226	-0.899	140.0	100.0
779	125.09	417.6376376376376	640.0	-0.129	0.226	-0.899	140.0	100.0
780	125.09	418.012012012012	640.0	-0.129	0.226	-0.899	140.0	100.0
781	125.09	418.3863863863864	640.0	-0.129	0.226	-0.899	140.0	100.0
782	125.09	418.7607607607608	640.0	-0.129	0.226	-0.899	140.0	100.0
783	125.09	419.13513513513516	640.0	-0.129	0.226	-0.899	140.0	100.0
784	125.09	419.5095095095095	640.0	-0.129	0.226	-0.899	140.0	100.0
785	125.09	419.88388388388387	640.0	-0.129	0.226	-0.899	140.0	100.0
786	125.09	420.25825825825825	640.0	-0.129	0.226	-0.899	140.0	100.0
787	125.09	420.63263263263264	640.0	-0.129	0.226	-0.899	140.0	100.0
788	125.09	421.007007007007	640.0	-0.129	0.226	-0.899	140.0	100.0
789	125.09	421.3813813813814	640.0	-0.129	0.226	-0.899	140.0	100.0
790	125.09	421.75575575575573	640.0	-0.129	0.226	-0.899	140.0	100.0
791	125.09	422.1301301301301	640.0	-0.129	0.226	-0.899	140.0	100.0
792	125.09	422.5045045045045	640.0	-0.129	0.226	-0.899	140.0	100.0
793	125.09	422.8788788788789	640.0	-0.129	0.226	-0.899	140.0	100.0
794	125.09	423.25325325325326	640.0	-0.129	0.226	-0.899	140.0	100.0
795	125.09	423.62762762762765	640.0	-0.129	0.226	-0.899	140.0	100.0
796	125.09	424.00200200200203	640.0	-0.129	0.226	-0.899	140.0	100.0
797	125.09	424.37637637637636	640.0	-0.129	0.226	-0.899	140.0	100.0
798	125.09	424.75075075075074	640.0	-0.129	0.226	-0.899	140.0	100.0
799	125.09	425.1251251251251	640.0	-0.129	0.226	-0.899	140.0	100.0
800	125.09	425.4994994994995	640.0	-0.129	0.226	-0.899	140.0	100.0
801	125.09	425.8738738738739	640.0	-0.129	0.226	-0.899	140.0	100.0
802	125.09	426.2482482482483	640.0	-0.129	0.226	-0.899	140.0	100.0
803	125.09	426.6226226226226	640.0	-0.129	0.226	-0.899	140.0	100.0
804	125.09	426.996996996997	640.0	-0.129	0.226	-0.899	140.0	100.0
805	125.09	427.37137137137137	640.0	-0.129	0.226	-0.899	140.0	100.0
806	125.09	427.74574574574575	640.0	-0.129	0.226	-0.899	140.0	100.0
807	125.09	428.12012012012013	640.0	-0.129	0.226	-0.899	140.0	100.0
808	125.09	428.4944944944945	640.0	-0.129	0.226	-0.899	140.0	100.0
809	125.09	428.86886886886884	640.0	-0.129	0.226	-0.899	140.0	100.0
810	125.09	429.2432432432432	640.0	-0.129	0.226	-0.899	140.0	100.0
811	125.09	429.6176176176176	640.0	-0.129	0.226	-0.899	140.0	100.0
812	125.09	429.991991991992	640.0	-0.129	0.226	-0.899	140.0	100.0
813	125.09	430.3663663663664	640.0	-0.129	0.226	-0.899	140.0	100.0
814	125.09	430.74074074074076	640.0	-0.129	0.226	-0.899	140.0	100.0
815	125.09	431.1151151151151	640.0	-0.129	0.226	-0.899	140.0	100.0
816	125.09	431.4894894894895	640.0	-0.129	0.226	-0.899	140.0	100.0
817	125.09	431.86386386386386	640.0	-0.129	0.226	-0.899	140.0	100.0
818	125.09	432.23823823823824	640.0	-0.129	0.226	-0.899	140.0	100.0
819	125.09	432.6126126126126	640.0	-0.129	0.226	-0.899	140.0	100.0
820	125.09	432.986986986987	640.0	-0.129	0.226	-0.899	140.0	100.0
821	125.09	433.3613613613614	640.0	-0.129	0.226	-0.899	140.0	100.0
822	125.09	433.7357357357357	640.0	-0.129	0.226	-0.899	140.0	100.0
823	125.09	434.1101101101101	640.0	-0.129	0.226	-0.899	140.0	100.0
824	125.09	434.4844844844845	640.0	-0.129	0.226	-0.899	140.0	100.0
825	125.09	434.85885885885887	640.0	-0.129	0.226	-0.899	140.0	100.0
826	125.09	435.23323323323325	640.0	-0.129	0.226	-0.899	140.0	100.0
827	125.09	435.60760760760763	640.0	-0.129	0.226	-0.899	140.0	100.0
828	125.09	435.98198198198196	640.0	-0.129	0.226	-0.899	140.0	100.0
829	125.09	436.35635635635634	640.0	-0.129	0.226	-0.899	140.0	100.0
830	125.09	436.7307307307307	640.0	-0.129	0.226	-0.899	140.0	100.0
831	125.09	437.1051051051051	640.0	-0.129	0.226	-0.899	140.0	100.0
832	125.09	437.4794794794795	640.0	-0.129	0.226	-0.899	140.0	100.0
833	125.09	437.8538538538539	640.0	-0.129	0.226	-0.899	140.0	100.0
834	125.09	438.2282282282282	640.0	-0.129	0.226	-0.899	140.0	100.0
835	125.09	438.6026026026026	640.0	-0.129	0.226	-0.899	140.0	100.0
836	125.09	438.97697697697697	640.0	-0.129	0.226	-0.899	140.0	100.0
837	125.09	439.35135135135135	640.0	-0.129	0.226	-0.899	140.0	100.0
838	125.09	439.72572572572574	640.0	-0.129	0.226	-0.899	140.0	100.0
839	125.09	440.1001001001001	640.0	-0.129	0.226	-0.899	140.0	100.0
840	125.09	440.47447447447445	640.0	-0.129	0.226	-0.899	140.0	100.0
841	125.09	440.84884884884883	640.0	-0.129	0.226	-0.899	140.0	100.0
842	125.09	441.2232232232232	640.0	-0.129	0.226	-0.899	140.0	100.0
843	125.09	441.5975975975976	640.0	-0.129	0.226	-0.899	140.0	100.0
844	125.09	441.971971971972	640.0	-0.129	0.226	-0.899	140.0	100.0
845	125.09	442.34634634634637	640.0	-0.129	0.226	-0.899	140.0	100.0
846	125.09	442.72072072072075	640.0	-0.129	0.226	-0.899	140.0	100.0
847	125.09	443.0950950950951	640.0	-0.129	0.226	-0.899	140.0	100.0
848	125.09	443.46946946946946	640.0	-0.129	0.226	-0.899	140.0	100.0
849	125.09	443.84384384384384	640.0	-0.129	0.226	-0.899	140.0	100.0
850	125.09	444.2182182182182	640.0	-0.129	0.226	-0.899	140.0	100.0
851	125.09	444.5925925925926	640.0	-0.129	0.226	-0.899	140.0	100.0
852	125.09	444.966966966967	640.0	-0.129	0.226	-0.899	140.0	100.0
853	125.09	445.3413413413413	640.0	-0.129	0.226	-0.899	140.0	100.0
854	125.09	445.7157157157157	640.0	-0.129	0.226	-0.899	140.0	100.0
855	125.09	446.0900900900901	640.0	-0.129	0.226	-0.899	140.0	100.0
856	125.09	446.46446446446447	640.0	-0.129	0.226	-0.899	140.0	100.0
857	125.09	446.83883883883885	640.0	-0.129	0.226	-0.899	140.0	100.0
858	125.09	447.21321321321324	640.0	-0.129	0.226	-0.899	140.0	100.0
859	125.09	447.58758758758756	640.0	-0.129	0.226	-0.899	140.0	100.0
860	125.09	447.96196196196195	640.0	-0.129	0.226	-0.899	140.0	100.0
861	125.09	448.33633633633633	640.0	-0.129	0.226	-0.899	140.0	100.0
862	125.09	448.7107107107107	640.0	-0.129	0.226	-0.899	140.0	100.0
863	125.09	449.0850850850851	640.0	-0.129	0.226	-0.899	140.0	100.0
864	125.09	449.4594594594595	640.0	-0.129	0.226	-0.899	140.0	100.0
865	125.09	449.8338338338338	640.0	-0.129	0.226	-0.899	140.0	100.0
866	125.09	450.2082082082082	640.0	-0.129	0.226	-0.899	140.0	100.0
867	125.09	450.5825825825826	640.0	-0.129	0.226	-0.899	140.0	100.0
868	125.09	450.95695695695696	640.0	-0.129	0.226	-0.899	140.0	100.0
869	125.09	451.33133133133134	640.0	-0.129	0.226	-0.899	140.0	100.0
870	125.09	451.7057057057057	640.0	-0.129	0.226	-0.899	140.0	100.0
871	125.09	452.0800800800801	640.0	-0.129	0.226	-0.899	140.0	100.0
872	125.09	452.45445445445444	640.0	-0.129	0.226	-0.899	140.0	100.0
873	125.09	452.8288288288288	640.0	-0.129	0.226	-0.899	140.0	100.0
874	125.09	453.2032032032032	640.0	-0.129	0.226	-0.899	140.0	100.0
875	125.09	453.5775775775776	640.0	-0.129	0.226	-0.899	140.0	100.0
876	125.09	453.95195195195197	640.0	-0.129	0.226	-0.899	140.0	100.0
877	125.09	454.32632632632635	640.0	-0.129	0.226	-0.899	140.0	100.0
878	125.09	454.7007007007007	640.0	-0.129	0.226	-0.899	140.0	100.0
879	125.09	455.07507507507506	640.0	-0.129	0.226	-0.899	140.0	100.0
880	125.09	455.44944944944945	640.0	-0.129	0.226	-0.899	140.0	100.0
881	125.09	455.82382382382383	640.0	-0.129	0.226	-0.899	140.0	100.0
882	125.09	456.1981981981982	640.0	-0.129	0.226	-0.899	140.0	100.0
883	125.09	456.5725725725726	640.0	-0.129	0.226	-0.899	140.0	100.0
884	125.09	456.9469469469469	640.0	-0.129	0.226	-0.899	140.0	100.0
885	125.09	457.3213213213213	640.0	-0.129	0.226	-0.899	140.0	100.0
886	125.09	457.6956956956957	640.0	-0.129	0.226	-0.899	140.0	100.0
887	125.09	458.0700700700701	640.0	-0.129	0.226	-0.899	140.0	100.0
888	125.09	458.44444444444446	640.0	-0.129	0.226	-0.899	140.0	100.0
889	125.09	458.81881881881884	640.0	-0.129	0.226	-0.899	140.0	100.0
890	125.09	459.19319319319317	640.0	-0.129	0.226	-0.899	140.0	100.0
891	125.09	459.56756756756755	640.0	-0.129	0.226	-0.899	140.0	100.0
892	125.09	459.94194194194193	640.0	-0.129	0.226	-0.899	140.0	100.0
893	125.09	460.3163163163163	640.0	-0.129	0.226	-0.899	140.0	100.0
894	125.09	460.6906906906907	640.0	-0.129	0.226	-0.899	140.0	100.0
895	125.09	461.0650650650651	640.0	-0.129	0.226	-0.899	140.0	100.0
896	125.09	461.4394394394394	640.0	-0.129	0.226	-0.899	140.0	100.0
897	125.09	461.8138138138138	640.0	-0.129	0.226	-0.899	140.0	100.0
898	125.09	462.1881881881882	640.0	-0.129	0.226	-0.899	140.0	100.0
899	125.09	462.56256256256256	640.0	-0.129	0.226	-0.899	140.0	100.0
900	125.09	462.93693693693695	640.0	-0.129	0.226	-0.899	140.0	100.0
901	125.09	463.31131131131133	640.0	-0.129	0.226	-0.899	140.0	100.0
902	125.09	463.6856856856857	640.0	-0.129	0.226	-0.899	140.0	100.0
903	125.09	464.06006006006004	640.0	-0.129	0.226	-0.899	140.0	100.0
904	125.09	464.4344344344344	640.0	-0.129	0.226	-0.899	140.0	100.0
905	125.09	464.8088088088088	640.0	-0.129	0.226	-0.899	140.0	100.0
906	125.09	465.1831831831832	640.0	-0.129	0.226	-0.899	140.0	100.0
907	125.09	465.5575575575576	640.0	-0.129	0.226	-0.899	140.0	100.0
908	125.09	465.93193193193196	640.0	-0.129	0.226	-0.899	140.0	100.0
909	125.09	466.3063063063063	640.0	-0.129	0.226	-0.899	140.0	100.0
910	125.09	466.68068068068067	640.0	-0.129	0.226	-0.899	140.0	100.0
911	125.09	467.05505505505505	640.0	-0.129	0.226	-0.899	140.0	100.0
912	125.09	467.42942942942943	640.0	-0.129	0.226	-0.899	140.0	100.0
913	125.09	467.8038038038038	640.0	-0.129	0.226	-0.899	140.0	100.0
914	125.09	468.1781781781782	640.0	-0.129	0.226	-0.899	140.0	100.0
915	125.09	468.5525525525525	640.0	-0.129	0.226	-0.899	140.0	100.0
916	125.09	468.9269269269269	640.0	-0.129	0.226	-0.899	140.0	100.0
917	125.09	469.3013013013013	640.0	-0.129	0.226	-0.899	140.0	100.0
918	125.09	469.6756756756757	640.0	-0.129	0.226	-0.899	140.0	100.0
919	125.09	470.05005005005006	640.0	-0.129	0.226	-0.899	140.0	100.0
920	125.09	470.42442442442444	640.0	-0.129	0.226	-0.899	140.0	100.0
921	125.09	470.79879879879877	640.0	-0.129	0.226	-0.899	140.0	100.0
922	125.09	471.17317317317315	640.0	-0.129	0.226	-0.899	140.0	100.0
923	125.09	471.54754754754754	640.0	-0.129	0.226	-0.899	140.0	100.0
924	125.09	471.9219219219219	640.0	-0.129	0.226	-0.899	140.0	100.0
925	125.09	472.2962962962963	640.0	-0.129	0.226	-0.899	140.0	100.0
926	125.09	472.6706706706707	640.0	-0.129	0.226	-0.899	140.0	100.0
927	125.09	473.0450450450451	640.0	-0.129	0.226	-0.899	140.0	100.0
928	125.09	473.4194194194194	640.0	-0.129	0.226	-0.899	140.0	100.0
929	125.09	473.7937937937938	640.0	-0.129	0.226	-0.899	140.0	100.0
930	125.09	474.16816816816817	640.0	-0.129	0.226	-0.899	140.0	100.0
931	125.09	474.54254254254255	640.0	-0.129	0.226	-0.899	140.0	100.0
932	125.09	474.91691691691693	640.0	-0.129	0.226	-0.899	140.0	100.0
933	125.09	475.2912912912913	640.0	-0.129	0.226	-0.899	140.0	100.0
934	125.09	475.66566566566564	640.0	-0.129	0.226	-0.899	140.0	100.0
935	125.09	476.04004004004	640.0	-0.129	0.226	-0.899	140.0	100.0
936	125.09	476.4144144144144	640.0	-0.129	0.226	-0.899	140.0	100.0
937	125.09	476.7887887887888	640.0	-0.129	0.226	-0.899	140.0	100.0
938	125.09	477.1631631631632	640.0	-0.129	0.226	-0.899	140.0	100.0
939	125.09	477.53753753753756	640.0	-0.129	0.226	-0.899	140.0	100.0
940	125.09	477.9119119119119	640.0	-0.129	0.226	-0.899	140.0	100.0
941	125.09	478.28628628628627	640.0	-0.129	0.226	-0.899	140.0	100.0
942	125.09	478.66066066066065	640.0	-0.129	0.226	-0.899	140.0	100.0
943	125.09	479.03503503503504	640.0	-0.129	0.226	-0.899	140.0	100.0
944	125.09	479.4094094094094	640.0	-0.129	0.226	-0.899	140.0	100.0
945	125.09	479.7837837837838	640.0	-0.129	0.226	-0.899	140.0	100.0
946	125.09	480.15815815815813	640.0	-0.129	0.226	-0.899	140.0	100.0
947	125.09	480.5325325325325	640.0	-0.129	0.226	-0.899	140.0	100.0
948	125.09	480.9069069069069	640.0	-0.129	0.226	-0.899	140.0	100.0
949	125.09	481.2812812812813	640.0	-0.129	0.226	-0.899	140.0	100.0
950	125.09	481.65565565565566	640.0	-0.129	0.226	-0.899	140.0	100.0
951	125.09	482.03003003003005	640.0	-0.129	0.226	-0.899	140.0	100.0
952	125.09	482.40440440440443	640.0	-0.129	0.226	-0.899	140.0	100.0
953	125.09	482.77877877877876	640.0	-0.129	0.226	-0.899	140.0	100.0
954	125.09	483.15315315315314	640.0	-0.129	0.226	-0.899	140.0	100.0
955	125.09	483.5275275275275	640.0	-0.129	0.226	-0.899	140.0	100.0
956	125.09	483.9019019019019	640.0	-0.129	0.226	-0.899	140.0	100.0
957	125.09	484.2762762762763	640.0	-0.129	0.226	-0.899	140.0	100.0
958	125.09	484.6506506506507	640.0	-0.129	0.226	-0.899	140.0	100.0
959	125.09	485.025025025025	640.0	-0.129	0.226	-0.899	140.0	100.0
960	125.09	485.3993993993994	640.0	-0.129	0.226	-0.899	140.0	100.0
961	125.09	485.77377377377377	640.0	-0.129	0.226	-0.899	140.0	100.0
962	125.09	486.14814814814815	640.0	-0.129	0.226	-0.899	140.0	100.0
963	125.09	486.52252252252254	640.0	-0.129	0.226	-0.899	140.0	100.0
964	125.09	486.8968968968969	640.0	-0.129	0.226	-0.899	140.0	100.0
965	125.09	487.27127127127125	640.0	-0.129	0.226	-0.899	140.0	100.0
966	125.09	487.64564564564563	640.0	-0.129	0.226	-0.899	140.0	100.0
967	125.09	488.02002002002	640.0	-0.129	0.226	-0.899	140.0	100.0
968	125.09	488.3943943943944	640.0	-0.129	0.226	-0.899	140.0	100.0
969	125.09	488.7687687687688	640.0	-0.129	0.226	-0.899	140.0	100.0
970	125.09	489.14314314314316	640.0	-0.129	0.226	-0.899	140.0	100.0
971	125.09	489.5175175175175	640.0	-0.129	0.226	-0.899	140.0	100.0
972	125.09	489.8918918918919	640.0	-0.129	0.226	-0.899	140.0	100.0
973	125.09	490.26626626626626	640.0	-0.129	0.226	-0.899	140.0	100.0
974	125.09	490.64064064064064	640.0	-0.129	0.226	-0.899	140.0	100.0
975	125.09	491.015015015015	640.0	-0.129	0.226	-0.899	140.0	100.0
976	125.09	491.3893893893894	640.0	-0.129	0.226	-0.899	140.0	100.0
977	125.09	491.7637637637638	640.0	-0.129	0.226	-0.899	140.0	100.0
978	125.09	492.1381381381381	640.0	-0.129	0.226	-0.899	140.0	100.0
979	125.09	492.5125125125125	640.0	-0.129	0.226	-0.899	140.0	100.0
980	125.09	492.8868868868869	640.0	-0.129	0.226	-0.899	140.0	100.0
981	125.09	493.26126126126127	640.0	-0.129	0.226	-0.899	140.0	100.0
982	125.09	493.63563563563565	640.0	-0.129	0.226	-0.899	140.0	100.0
983	125.09	494.01001001001003	640.0	-0.129	0.226	-0.899	140.0	100.0
984	125.09	494.38438438438436	640.0	-0.129	0.226	-0.899	140.0	100.0
985	125.09	494.75875875875874	640.0	-0.129	0.226	-0.899	140.0	100.0
986	125.09	495.13313313313313	640.0	-0.129	0.226	-0.899	140.0	100.0
987	125.09	495.5075075075075	640.0	-0.129	0.226	-0.899	140.0	100.0
988	125.09	495.8818818818819	640.0	-0.129	0.226	-0.899	140.0	100.0
989	125.09	496.2562562562563	640.0	-0.129	0.226	-0.899	140.0	100.0
990	125.09	496.6306306306306	640.0	-0.129	0.226	-0.899	140.0	100.0
991	125.09	497.005005005005	640.0	-0.129	0.226	-0.899	140.0	100.0
992	125.09	497.3793793793794	640.0	-0.129	0.226	-0.899	140.0	100.0
993	125.09	497.75375375375376	640.0	-0.129	0.226	-0.899	140.0	100.0
994	125.09	498.12812812812814	640.0	-0.129	0.226	-0.899	140.0	100.0
995	125.09	498.5025025025025	640.0	-0.129	0.226	-0.899	140.0	100.0
996	125.09	498.87687687687685	640.0	-0.129	0.226	-0.899	140.0	100.0
997	125.09	499.25125125125123	640.0	-0.129	0.226	-0.899	140.0	100.0
998	125.09	499.6256256256256	640.0	-0.129	0.226	-0.899	140.0	100.0
999	125.09	500.0	640.0	-0.129	0.226	-0.899	140.0	100.0
